url,target,prediction,phishing_probability
https://www.nasa.gov,0,0,0.7679036521911622
https://www.harvard.edu,0,0,0.7028759109973908
https://www.bbc.com,0,0,0.8184365672186802
https://www.cnn.com,0,0,0.8184365672186802
https://www.reddit.com,0,0,0.8096493589878082
https://www.adobe.com,0,0,0.8151431512832641
https://www.oracle.com,0,0,0.8096493589878082
https://www.nytimes.com,0,0,0.7921493589878082
https://www.tesla.com,0,0,0.8151431512832641
https://www.zoom.us,0,0,0.7720654160098026
http://secure-account-login-example.net/verify,1,1,0.9622388815879821
http://online-banking-update-example.net/login,1,1,0.9713277626037597
http://password-confirm-example.net/account,1,1,0.9634852170944214
http://security-verification-example.net/secure,1,1,0.9689726936817169
http://bank-account-update-example.net/confirm,1,1,0.9622388815879821
http://login-verification-example.net/password,1,1,0.9689726936817169
http://account-security-check-example.net/login,1,1,0.9713277626037597
http://confirm-payment-example.net/verify,1,1,0.9524592494964599
http://secure-user-account-example.net/update,1,1,0.9622388815879821
http://verify-online-banking-example.net/login,1,1,0.9713277626037597
